ID,USERNAME,FULLNAME,EMAIL,REGISTERED_AT,CANCELED_AT
1,4k9N6gzf,マサキ 波多野,olympics1846@live.com,2020-10-16 08:48:28,
2,01GIwme8,レイカ 鳴海,johnston1882@yandex.com,2020-10-16 08:48:28,
3,48NodPQo,まこと 下斗米,fails2002@yahoo.com,2020-10-16 08:48:28,
4,8n1HvQGP,さおり　三分一,repository1829@live.com,2020-10-16 08:48:28,
5,GH9EdSCu,信夫 喜友名,citizen1828@protonmail.com,2020-10-16 08:48:28,
6,81HgbxUc,なおき　水無月,owen2056@outlook.com,2020-10-16 08:48:28,
7,5AsBVbct,葵 甲,competent1948@live.com,2020-10-16 08:48:28,
8,b49KLZKm,律 三分一,mail1917@protonmail.com,2020-10-16 08:48:28,
9,4McBvlSb,鉄平　小沼,surely1952@yandex.com,2020-10-16 08:48:28,
10,0StuHOow,月子　生田,artwork1853@protonmail.com,2020-10-16 08:48:28,
11,2So6BMRn,一輝　大熊,latitude1921@duck.com,2020-10-16 08:48:28,
12,7p7LZJin,未来　塩川,harvey1926@live.com,2020-10-16 08:48:28,
13,7MCLOxQf,糸 横尾,recommendation1891@gmail.com,2020-10-16 08:48:28,
14,p177upSp,タクマ 岩垂,borders1946@outlook.com,2020-10-16 08:48:28,
15,L207LTXj,鈴音 小山内,configuring1832@duck.com,2020-10-16 08:48:28,
16,49xik4Av,千里 力武,printer2056@outlook.com,2020-10-16 08:48:28,
17,I1TRUqHP,博文 銭形,argue2025@example.com,2020-10-16 08:48:28,
18,xu8fCqnm,忍　大友,roll2013@yandex.com,2020-10-16 08:48:28,
19,85gRsxb0,博文 芦田,guy1924@gmail.com,2020-10-16 08:48:28,
20,F6DK6Z7k,与一 友寄,persons1806@duck.com,2020-10-16 08:48:28,
21,14qPd3Ck,あゆか　赤羽根,surgeons2003@yahoo.com,2020-10-16 08:48:28,
22,3DPZgxlX,アイ 角,means1949@outlook.com,2020-10-16 08:48:28,
23,2CuxWR1p,悪太郎　保,debate1865@yandex.com,2020-10-16 08:48:28,
24,VU5YxxuQ,サエコ　六道,nav1961@protonmail.com,2020-10-16 08:48:28,
25,5LPimk0F,ナオミ　田場,cable2047@yandex.com,2020-10-16 08:48:28,
26,OO04MD3f,アキラ　松川,attribute1889@duck.com,2020-10-16 08:48:28,
27,u5fTmsWw,俊介 戸塚,province2020@protonmail.com,2020-10-16 08:48:28,
28,3X5czWGt,初 吉永,nominations2023@example.com,2020-10-16 08:48:28,
29,gV0OrWSo,まもる 細谷,infections1879@protonmail.com,2020-10-16 08:48:28,
30,5m7G0dLz,アキラ 結城,liberia1832@yahoo.com,2020-10-16 08:48:28,
31,4yB4MsuA,律　渡辺,wishes2030@protonmail.com,2020-10-16 08:48:28,
32,2g5LzEMW,真矢　萩野,struggle1946@live.com,2020-10-16 08:48:28,
33,5WTGhsTn,たくみ 竹村,economy1918@live.com,2020-10-16 08:48:28,
34,WO6YAVrB,勝　三条,nylon1926@example.org,2020-10-16 08:48:28,
35,EGE5TuMg,頼元　森川,female2078@duck.com,2020-10-16 08:48:28,
36,RcVu7zYq,有希　横浜,hidden1892@gmail.com,2020-10-16 08:48:28,
37,3T4w3iBg,隼人　勘解由小路,itunes1894@duck.com,2020-10-16 08:48:28,
38,5vfL8A7t,未来　辰巳,mambo1830@gmail.com,2020-10-16 08:48:28,
39,6bNdQAfM,ひろみ 宮部,asus1951@outlook.com,2020-10-16 08:48:28,
40,oPv3YzTN,ユウキ 出口,flying2093@example.org,2020-10-16 08:48:28,
41,t6wVjsPL,義家 吉井,negotiations1888@yahoo.com,2020-10-16 08:48:28,
42,8OZhDhvS,はるひ　二階堂,relaxation1813@yahoo.com,2020-10-16 08:48:28,
43,ia06RUSs,国光　杉田,vids2050@example.com,2020-10-16 08:48:28,
44,6FEYj1mo,竜二 北見,translations1818@yahoo.com,2020-10-16 08:48:28,
45,720Zb3UX,マサキ　曽我部,environment1915@yahoo.com,2020-10-16 08:48:28,
46,48LzSxYl,未来 杉浦,connector1913@gmail.com,2020-10-16 08:48:28,
47,1XpiEg5b,ヒコ　兵庫,oldest1835@example.com,2020-10-16 08:48:28,
48,zNa7CbEG,ねね 大内,venues2006@live.com,2020-10-16 08:48:28,
49,9eqmVA1f,長子 下斗米,javascript1984@yandex.com,2020-10-16 08:48:28,
50,0MGaATjI,のぞみ　岸田,era1891@protonmail.com,2020-10-16 08:48:28,
51,9GpAeoEc,杏奈　古謝,building1895@duck.com,2020-10-16 08:48:28,
52,G91eozUc,まこと 財部,warming2077@yandex.com,2020-10-16 08:48:28,
53,N3XEewuD,つばさ 菅谷,worn2074@protonmail.com,2020-10-16 08:48:28,
54,HE4MhJ8g,鈴音　本山,wallace1804@example.org,2020-10-16 08:48:28,
55,X6RswCqr,アン 戸塚,andale1869@example.com,2020-10-16 08:48:28,
56,9QNcpN5i,ユリア 重田,favor1972@yandex.com,2020-10-16 08:48:28,
57,t2Qrh7Hg,マリヤ　広瀬,merchant1853@gmail.com,2020-10-16 08:48:28,
58,Sj9MkBK1,渚 恵美,contain2017@gmail.com,2020-10-16 08:48:28,
59,9Z2JYm5z,藤次郎 久慈,metal2084@protonmail.com,2020-10-16 08:48:28,
60,9MEEk3g5,葵 岩下,season1999@protonmail.com,2020-10-16 08:48:28,
61,M01zBM0v,真矢 須田,bikini2064@yandex.com,2020-10-16 08:48:28,
62,m44d0Can,仁　田島,yen1842@gmail.com,2020-10-16 08:48:28,
63,91ZHYvwt,亜沙美　蜂須賀,duck1997@gmail.com,2020-10-16 08:48:28,
64,40wYJTzO,小春 仲宗根,breeds1914@example.com,2020-10-16 08:48:28,
65,6XSeVw1N,渚　円城寺,fields1980@yahoo.com,2020-10-16 08:48:28,
66,d8dWtkwq,みつき 田上,government1924@duck.com,2020-10-16 08:48:28,
67,R7eR3VHg,新兵衛 前野,technique1971@yandex.com,2020-10-16 08:48:28,
68,w2zWlhKf,ノエル　久本,healthy2073@protonmail.com,2020-10-16 08:48:28,
69,dmGb59Ng,まい　冷泉,employed1960@duck.com,2020-10-16 08:48:28,
70,3ATWeo5s,頼元 北田,champions2073@yandex.com,2020-10-16 08:48:28,
71,F4TteUvi,ひとみ 中尾,mayor1968@live.com,2020-10-16 08:48:28,
72,ABH03SKa,ジロー　犬伏,asp2079@protonmail.com,2020-10-16 08:48:28,
73,k4JyIX3j,米子 月永,bulletin1991@live.com,2020-10-16 08:48:28,
74,o30lNjF2,あやめ 大城,subsection1895@yandex.com,2020-10-16 08:48:28,
75,7sKwEjo9,初　浦,scholarships1850@gmail.com,2020-10-16 08:48:28,
76,1Yi34Phu,かおり　前田,consumer1826@example.org,2020-10-16 08:48:28,
77,7gLWUzPN,ワタル　西田,dip2013@yandex.com,2020-10-16 08:48:28,
78,1S9Mdc9t,ひかる 里,projection1977@protonmail.com,2020-10-16 08:48:28,
79,8TWssgHm,千里　岡山,fifteen1842@yahoo.com,2020-10-16 08:48:28,
80,W68Yi8pj,莉奈　関川,mirrors1867@example.com,2020-10-16 08:48:28,
81,6Y1Osk0O,千春 天宮,practices1936@example.org,2020-10-16 08:48:28,
82,4cGuhrzs,翔太 中,lighter2050@example.org,2020-10-16 08:48:28,
83,u80NQpqx,与一　八雲,allowed2084@outlook.com,2020-10-16 08:48:28,
84,4CbTShlw,リリ 村松,hence2071@duck.com,2020-10-16 08:48:28,
85,Z4luXvi8,しほり 箱根,sampling2089@yandex.com,2020-10-16 08:48:28,
86,Yr6PnJHG,真矢 上田,few1967@example.org,2020-10-16 08:48:28,
87,y9OqgYSR,ほのか　一宮,simulation2074@example.com,2020-10-16 08:48:28,
88,x3JuODFh,なおき　広川,stanford1812@gmail.com,2020-10-16 08:48:28,
89,tK8XRquo,長子　羽月,ian1831@example.org,2020-10-16 08:48:28,
90,I1RQSd6c,サエコ 喜納,gene2092@outlook.com,2020-10-16 08:48:28,
91,7BYkjo24,弥太郎　岡,tragedy2021@outlook.com,2020-10-16 08:48:28,
92,8IGNKyRE,裕次郎　加賀,attached1804@protonmail.com,2020-10-16 08:48:28,
93,zC1xtTOe,マチコ 川越,suspended1925@outlook.com,2020-10-16 08:48:28,
94,5XaIed8p,正義　儀間,semi1822@protonmail.com,2020-10-16 08:48:28,
95,0YUCntnH,小雪　巽,night1893@gmail.com,2020-10-16 08:48:28,
96,I3GUoBgR,花子　木内,blond1809@live.com,2020-10-16 08:48:28,
97,5MLbMdkw,つばさ　石川,flash2089@example.org,2020-10-16 08:48:28,
98,7STPKcnB,花梨 赤江,dimensional1990@yandex.com,2020-10-16 08:48:28,
99,bvZO2LPi,行徳 清水,dictionaries1972@live.com,2020-10-16 08:48:28,
100,zEB8FqbM,ひろみ　金城,von2090@example.org,2020-10-16 08:48:28,
